title,artist
Garota de Ipanema,Antonio Carlos Jobim
Chega de Saudade,Joao Gilberto
Corcovado,Antonio Carlos Jobim
Desafinado,Joao Gilberto
Wave,Antonio Carlos Jobim
O Barquinho,Roberto Menescal
Samba de Verao,Marcos Valle
Agua de Beber,Antonio Carlos Jobim
Dindi,Antonio Carlos Jobim
Triste,Tom Jobim
Insensatez,Antonio Carlos Jobim
Meditacao,Antonio Carlos Jobim
So Danco Samba,Antonio Carlos Jobim
Luiza,Antonio Carlos Jobim
Felicidade,Antonio Carlos Jobim
O Grande Amor,Antonio Carlos Jobim
Este Seu Olhar,Antonio Carlos Jobim
Retrato em Branco e Preto,Antonio Carlos Jobim
Ligia,Antonio Carlos Jobim
Passarim,Antonio Carlos Jobim
Fotografia,Antonio Carlos Jobim
Outra Vez,Antonio Carlos Jobim
Eu Sei Que Vou Te Amar,Antonio Carlos Jobim
Vivo Sonhando,Antonio Carlos Jobim
One Note Samba,Antonio Carlos Jobim
Sabia,Antonio Carlos Jobim
Inutil Paisagem,Antonio Carlos Jobim
Brigas Nunca Mais,Antonio Carlos Jobim
O Morro Nao Tem Vez,Antonio Carlos Jobim
Carolina,Antonio Carlos Jobim
Estrada Branca,Antonio Carlos Jobim
Falando de Amor,Antonio Carlos Jobim
Chora Coracao,Antonio Carlos Jobim
Voce e Linda,Antonio Carlos Jobim
Olha Maria,Antonio Carlos Jobim
Amparo,Antonio Carlos Jobim
Antigua,Antonio Carlos Jobim
Bonita,Antonio Carlos Jobim
Boranda,Antonio Carlos Jobim
Caminhos Cruzados,Antonio Carlos Jobim
Children's Games,Antonio Carlos Jobim
Chovendo na Roseira,Antonio Carlos Jobim
Correnteza,Antonio Carlos Jobim
Double Rainbow,Antonio Carlos Jobim
Eco,Antonio Carlos Jobim
Gabriela,Antonio Carlos Jobim
Modinha,Antonio Carlos Jobim
Pato Preto,Antonio Carlos Jobim
Pequena Moca,Antonio Carlos Jobim
Piano na Mangueira,Antonio Carlos Jobim
Por Causa de Voce,Antonio Carlos Jobim
Se Todos Fossem Iguais a Voce,Antonio Carlos Jobim
Tereza My Love,Antonio Carlos Jobim
Tres Palavras,Antonio Carlos Jobim
Zingaro,Antonio Carlos Jobim
The Girl from Ipanema,Antonio Carlos Jobim
Água de Beber,Antonio Carlos Jobim
The Girl From Ipanema,Antonio Carlos Jobim
Águas de Março,Antonio Carlos Jobim
Para Machucar Meu Coração,Antonio Carlos Jobim
Águas de Março,Antonio Carlos Jobim
Água de Beber,Antonio Carlos Jobim
Samba De Uma Nota Só,Antonio Carlos Jobim
Só Tinha De Ser Com Você,Antonio Carlos Jobim
A Felicidade,Antonio Carlos Jobim
Meditação,Antonio Carlos Jobim
Brazil,Antonio Carlos Jobim
Águas de Março,Antonio Carlos Jobim
How Insensitive (Insensatez),Antonio Carlos Jobim
Doralice,Antonio Carlos Jobim
Águas de Março (Waters of March),Antonio Carlos Jobim
Só danço samba,Antonio Carlos Jobim
Poesia Acústica 14,Antonio Carlos Jobim
Eu seu que vou te amar,Antonio Carlos Jobim
Lygia,Antonio Carlos Jobim
"Brigas, Nunca Mais",Antonio Carlos Jobim
Photograph,Antonio Carlos Jobim
Bim Bom,Antonio Carlos Jobim
Rosa Morena,Antonio Carlos Jobim
Samba de Avião,Antonio Carlos Jobim
O Morro não tem Vez,Antonio Carlos Jobim
Favela,Antonio Carlos Jobim
Sabiá,Antonio Carlos Jobim
Lamento,Antonio Carlos Jobim
Serenata do adeus,Antonio Carlos Jobim
Corcovado (Live),Antonio Carlos Jobim
Maria Ninguém,Antonio Carlos Jobim
Só Danço Samba,Antonio Carlos Jobim
Lobo Bobo,Antonio Carlos Jobim
Pela Luz dos Olhos Teus,Antonio Carlos Jobim
Ho-Bá-Lá-Lá,Antonio Carlos Jobim
Aos Pés da Cruz,Antonio Carlos Jobim
Águas De Março,Antonio Carlos Jobim
Eu Te Amo,Antonio Carlos Jobim
Saudade Fêz Um Samba,Antonio Carlos Jobim
Tema de Amor de Gabriela,Antonio Carlos Jobim
O que será,Antonio Carlos Jobim
Girl from Ipanema,Antonio Carlos Jobim
Inútil Paisagem,Antonio Carlos Jobim
É Luxo Só,Antonio Carlos Jobim
Samba de Uma Nota Só,Antonio Carlos Jobim
Anos Dourados,Antonio Carlos Jobim
Estrada Do Sol,Antonio Carlos Jobim
Amor Em Paz (Once I Loved),Antonio Carlos Jobim
She’s a Carioca,Antonio Carlos Jobim
Morena Boca de Ouro,Antonio Carlos Jobim
Manhã de carnaval,Antonio Carlos Jobim
A Felicidade,Antonio Carlos Jobim
Outra Vez (Once Again),Antonio Carlos Jobim
Eu Te Amo,Antonio Carlos Jobim
Meditação,Antonio Carlos Jobim
"Brigas, Nunca Mais",Antonio Carlos Jobim
O Que Tinha De Ser,Antonio Carlos Jobim
Pela luz dos olhos teus,Antonio Carlos Jobim
Waters of March (Águas de Março),Antonio Carlos Jobim
Ela é carioca,Antonio Carlos Jobim
Pra dizer adeus,Antonio Carlos Jobim
O Morro Não Tem Vez,Antonio Carlos Jobim
Falando de Amor (Speaking of Love),Antonio Carlos Jobim
Trevo de Quatro Folhas,Antonio Carlos Jobim
Por Toda Minha Vida,Antonio Carlos Jobim
Corcovado (Quiet Nights of Quiet Stars),Antonio Carlos Jobim
Soneto De Separação,Antonio Carlos Jobim
A Felicidade,Antonio Carlos Jobim
Lígia,Antonio Carlos Jobim
O Bôto,Antonio Carlos Jobim
Se Todos Fossem Iguais A Você,Antonio Carlos Jobim
Sei Lá (A Vida Tem Sempre Razão),Antonio Carlos Jobim
Discussão,Antonio Carlos Jobim
Chega De Saudade (No More Blues),Antonio Carlos Jobim
Só Em Teus Braços,Antonio Carlos Jobim
"Kátia Flávia, A Godiva do Irajá",Antonio Carlos Jobim
Samba do Avião,Antonio Carlos Jobim
Eu e o meu amor,Antonio Carlos Jobim
Borzeguim,Antonio Carlos Jobim
Crônica da Casa Assassinada,Antonio Carlos Jobim
Pois É,Antonio Carlos Jobim
As Praias Desertas,Antonio Carlos Jobim
Flor Do Cerrado,Antonio Carlos Jobim
Ana Luiza,Antonio Carlos Jobim
Fotografia (Photograph),Antonio Carlos Jobim
Eu não existo sem você,Antonio Carlos Jobim
Passeio Samba,Antonio Carlos Jobim
Matita Perê,Antonio Carlos Jobim
Só Tinha de Ser Com Voce,Antonio Carlos Jobim
Garota de Ipanema (Girl from Ipanema),Antonio Carlos Jobim
Samba do Avião,Antonio Carlos Jobim
Brasil Nativo,Antonio Carlos Jobim
Esperança Perdida,Antonio Carlos Jobim
A Felicidade,Antonio Carlos Jobim
Samba de uma Nota só,Antonio Carlos Jobim
Vivo Sonhando (Dreamer),Antonio Carlos Jobim
Brigas Nunca Mais / Discussão,Antonio Carlos Jobim
Frevo,Antonio Carlos Jobim
Pois é,Antonio Carlos Jobim
Só Tinha de Ser Com Você,Antonio Carlos Jobim
O Amor em Paz,Antonio Carlos Jobim
Solidão,Antonio Carlos Jobim
Carta ao Tom / Carta do Tom (Ao Vivo),Antonio Carlos Jobim
Sem Você,Antonio Carlos Jobim
A Felicidade,Antonio Carlos Jobim
Por Causa De Você,Antonio Carlos Jobim
Canta Mais,Antonio Carlos Jobim
Você Vai Ver,Antonio Carlos Jobim
A Felicidade,Antonio Carlos Jobim
Se Todos Fossem Iguais a Você,Antonio Carlos Jobim
Amor em paz,Antonio Carlos Jobim
Para Machuchar Meu Coracao (To Hurt My Heart),Antonio Carlos Jobim
Wave (Ao Vivo),Antonio Carlos Jobim
Vai Levando,Antonio Carlos Jobim
Água de Beber,Antonio Carlos Jobim
Bebel,Antonio Carlos Jobim
Samba do Avião,Antonio Carlos Jobim
Samba do carioca,Antonio Carlos Jobim
Chora Coração,Antonio Carlos Jobim
Lígia,Antonio Carlos Jobim
Fotografia - Photograph,Antonio Carlos Jobim
Valsa de Eurídice,Antonio Carlos Jobim
Águas de Março,Antonio Carlos Jobim
A Felicidade,Antonio Carlos Jobim
Esquecendo Você,Antonio Carlos Jobim
O morro,Antonio Carlos Jobim
Derradeira primavera,Antonio Carlos Jobim
Lamento No Morro,Antonio Carlos Jobim
Beatriz,Antonio Carlos Jobim
Água de Beber,Antonio Carlos Jobim
Sabiá,Antonio Carlos Jobim
Águas de Março,Antonio Carlos Jobim
Estrada do Sol,Antonio Carlos Jobim
Eu Preciso de Você,Antonio Carlos Jobim
"Mulher, sempre mulher",Antonio Carlos Jobim
É Preciso Dizer Adeus,Antonio Carlos Jobim
Por Toda a Minha Vida,Antonio Carlos Jobim
Modinha (Seresta n° 5),Antonio Carlos Jobim
Samba De Maria Luíza,Antonio Carlos Jobim
Estrada do Sol,Antonio Carlos Jobim
Angela,Antonio Carlos Jobim
Maria e Dia,Antonio Carlos Jobim
Vivo Sonhando - Dreamer,Antonio Carlos Jobim
Quebra Lá Que Eu Quebro Cá,Antonio Carlos Jobim
Eu E Meu Amor,Antonio Carlos Jobim
Só Saudade,Antonio Carlos Jobim
O Amor Em Paz,Antonio Carlos Jobim
So Danço Samba,Antonio Carlos Jobim
Medo de amar,Antonio Carlos Jobim
Enterro da Iyalorixá,Antonio Carlos Jobim
Borzeguim,Antonio Carlos Jobim
O Que Tinha de Ser,Antonio Carlos Jobim
Incerteza,Antonio Carlos Jobim
Corcovado (Knee Deep Remix / Ben Watt Vocal Re-Edit),Antonio Carlos Jobim
Frevo,Antonio Carlos Jobim
Só Danço Samba (Jazz ‘n’ Samba),Antonio Carlos Jobim
Doralice,Antonio Carlos Jobim
Demais / I’ve Got You Under My Skin,Antonio Carlos Jobim
Tema de Amor de Gabriela,Antonio Carlos Jobim
A Violeira,Antonio Carlos Jobim
Olha Pro Céu,Antonio Carlos Jobim
A Felicidade,Antonio Carlos Jobim
Janelas abertas,Antonio Carlos Jobim
Por Causa De Você,Antonio Carlos Jobim
Água de Beber,Antonio Carlos Jobim
Imagina,Antonio Carlos Jobim
Turma do Funil (no Baixo Leblon),Antonio Carlos Jobim
Sabiá,Antonio Carlos Jobim
Por Causa de você,Antonio Carlos Jobim
Pois é,Antonio Carlos Jobim
Corcovado (Quiet Nights Of Quiet Stars),Antonio Carlos Jobim
Só Tinha De Ser Com Você,Antonio Carlos Jobim
Aula De Matemática / Discussão,Antonio Carlos Jobim
Anos Dourados,Antonio Carlos Jobim
Triste (Sad),Antonio Carlos Jobim
Monólogo de Orfeu,Antonio Carlos Jobim
Sabiá,Antonio Carlos Jobim
Sabiá,Antonio Carlos Jobim
Se Todos Fossem Iguais A Você,Antonio Carlos Jobim
Felicità (A felicidade),Antonio Carlos Jobim
É Preciso Dizer Adeus,Antonio Carlos Jobim
O Que Tinha de Ser,Antonio Carlos Jobim
Ai Quem Me Dera,Antonio Carlos Jobim
Só Tinha de Ser Com Você,Antonio Carlos Jobim
Consolação / Samba do Avião / Ela é Carioca / Garota de Ipanema,Antonio Carlos Jobim
Maracangalha,Antonio Carlos Jobim
Meditação,Antonio Carlos Jobim
Você e Eu,Antonio Carlos Jobim
Estrada do Sol,Antonio Carlos Jobim
Canção do amor demais,Antonio Carlos Jobim
Esquecendo Você,Antonio Carlos Jobim
Trem De Ferro,Antonio Carlos Jobim
Samba de Uma Nota Só,Antonio Carlos Jobim
Eu Não Existo Sem Você,Antonio Carlos Jobim
Estrada do Sol (O Tom Da Takai),Antonio Carlos Jobim
Samba Torto,Antonio Carlos Jobim
Sucedeu Assim,Antonio Carlos Jobim
Bonita Demais,Antonio Carlos Jobim
Só tinha de ser com você,Antonio Carlos Jobim
Chega de Saudade (Live),Antonio Carlos Jobim
Samba Torto,Antonio Carlos Jobim
Por Causa de Você,Antonio Carlos Jobim
Solidão,Antonio Carlos Jobim
Primeiro de Abril,Antonio Carlos Jobim
Meditação,Antonio Carlos Jobim
Um Nome de Mulher,Antonio Carlos Jobim
Ela e Carioca,Antonio Carlos Jobim
Alma Brasilera,Antonio Carlos Jobim
Inútil Paisagem,Antonio Carlos Jobim
Demais,Antonio Carlos Jobim
Água de beber,Antonio Carlos Jobim
Soneto De Separacao (Song Of Separation),Antonio Carlos Jobim
Estrada do Sol,Antonio Carlos Jobim
Eu Preciso De Você,Antonio Carlos Jobim
É Preciso Dizer Adeus,Antonio Carlos Jobim
The Girl From Ipanema,Antonio Carlos Jobim
Samba Do Avião,Antonio Carlos Jobim
Estrada do Sol,Antonio Carlos Jobim
A Felicidade,Antonio Carlos Jobim
Águas de Março,Antonio Carlos Jobim
Desafinado (Off Key),Antonio Carlos Jobim
Lígia,Antonio Carlos Jobim
Sabiá,Antonio Carlos Jobim
Overture,Antonio Carlos Jobim
Só Saudade,Antonio Carlos Jobim
Janelas Abertas,Antonio Carlos Jobim
Só Danço Samba,Antonio Carlos Jobim
Lamento no Morro,Antonio Carlos Jobim
Meu Pião / Águas de Março,Antonio Carlos Jobim
Ela é Carioca,Antonio Carlos Jobim
Frevo,Antonio Carlos Jobim
As Praias Desertas,Antonio Carlos Jobim
Ela É Carioca,Antonio Carlos Jobim
So Danço Samba (Jazz ‘N’ Samba),Antonio Carlos Jobim
Tiro Cruzado,Antonio Carlos Jobim
Bloco Rap Rio,Antonio Carlos Jobim
Canção Em Modo Menor,Antonio Carlos Jobim
Esperança Perdida - I Was Just One More For You,Antonio Carlos Jobim
Só Saudade,Antonio Carlos Jobim
Inútil Paisagem,Antonio Carlos Jobim
Tema De Amor De Gabriela,Antonio Carlos Jobim
Frevo,Antonio Carlos Jobim
Pois É (feat. António Zambujo),Antonio Carlos Jobim
As Praias Desertas,Antonio Carlos Jobim
Água de Beber,Antonio Carlos Jobim
Ela é Carioca,Antonio Carlos Jobim
Discussão,Antonio Carlos Jobim
Chora Coração,Antonio Carlos Jobim
Olhos Nos Olhos,Antonio Carlos Jobim
Inútil Paisagem,Antonio Carlos Jobim
Origens,Antonio Carlos Jobim
Tema De Amor de Gabriela,Antonio Carlos Jobim
Inútil Paisagem,Antonio Carlos Jobim
Maninha,Antonio Carlos Jobim
A Felicidade (Live 1985),Antonio Carlos Jobim
Choro de Nada,Antonio Carlos Jobim
Por Causa de Você,Antonio Carlos Jobim
Exaltação Ao Amor,Antonio Carlos Jobim
Derradeira Primavera,Antonio Carlos Jobim
Orfeu da Conceição - Se Todos Fossem Iguais a Você,Antonio Carlos Jobim
Eu e o Meu Amor (Carmem no Desfile),Antonio Carlos Jobim
Derradeira Primavera,Antonio Carlos Jobim
Comigo é Assim,Antonio Carlos Jobim
Na Batucada da Vida,Antonio Carlos Jobim
Samba do Avião,Antonio Carlos Jobim
Águas de Março,Antonio Carlos Jobim
Modinha (Serenade),Antonio Carlos Jobim
Orfeu da Conceição - modinha,Antonio Carlos Jobim
Maricotinha,Antonio Carlos Jobim
Águas de Março,Antonio Carlos Jobim
Cançao em Modo Menor,Antonio Carlos Jobim
O Morro,Antonio Carlos Jobim
Derradeira Primavera,Antonio Carlos Jobim
Inútil Paisagem,Antonio Carlos Jobim
Águas de Março,Antonio Carlos Jobim
Pé do Lageiro (Aonde a Onça Mora),Antonio Carlos Jobim
Pelos Caminhos Da Vida,Antonio Carlos Jobim
Derradeira Primavera,Antonio Carlos Jobim
Pra Mó de Chatear,Antonio Carlos Jobim
Garota De Ipanema (Cover),Antonio Carlos Jobim
Kátia Flávia (A Godiva do Irajá) (Ao Vivo na Surtônica) (Cover),Antonio Carlos Jobim
Sem Voce,Antonio Carlos Jobim
Meditação,Antonio Carlos Jobim
Samba do Avião,Antonio Carlos Jobim
Águas de março,Antonio Carlos Jobim
O Morro Não Tem Vez (Ao Vivo),Antonio Carlos Jobim
Você abusou,Antonio Carlos Jobim
Se Todos Fossem Iguais A Você (Live Cover),Antonio Carlos Jobim
Águas de Março,Antonio Carlos Jobim
Só Tinha de Ser Com Você (Ao Vivo),Antonio Carlos Jobim
Inbal Comedi & Hugo Hoffmann - singer reel,Antonio Carlos Jobim
À Felicidade,Antonio Carlos Jobim
Tema de Amor de Gabriela (Versão Completa),Antonio Carlos Jobim
Amor em Paz,Antonio Carlos Jobim
Águas de Março (Inédito),Antonio Carlos Jobim
Mar e Sol / Águas de Março - Ao Vivo,Antonio Carlos Jobim
Ana Luiza,Antonio Carlos Jobim
Casório,Antonio Carlos Jobim
Insensatez (Ao Vivo),Antonio Carlos Jobim
A Felicidade,Antonio Carlos Jobim
Canto Triste,Antonio Carlos Jobim
Pout-Porri: Meditação / Modinha / Coda,Antonio Carlos Jobim
Solo Bailo Samba,Antonio Carlos Jobim
Saudade da Bahia,Antonio Carlos Jobim
Olha Maria (Cover),Antonio Carlos Jobim
The Girl From Ipanema,Antonio Carlos Jobim
